﻿<?xml version="1.0" encoding="utf-8" ?>
<Aula>
	<alumnos>
		<alumno nombre="Roberto" apellidos="Menéndez Arias">
			<conocimientos>
				<conocimiento idioma="Español">C2</conocimiento>
				<conocimiento idioma="Inglés">A2</conocimiento>
				<conocimiento idioma="Francés">C1</conocimiento>
				<conocimiento idioma="Italiano">B1</conocimiento>
				<conocimiento idioma="Polaco">A1</conocimiento>
			</conocimientos>
		</alumno>
		<alumno nombre="Andrea" apellidos="Sánchez Pérez">
			<conocimientos>
				<conocimiento idioma="Español">C2</conocimiento>
				<conocimiento idioma="Inglés">C1</conocimiento>
				<conocimiento idioma="Chino">B1</conocimiento>
				<conocimiento idioma="Italiano">B2</conocimiento>
				<conocimiento idioma="Ruso"><escrito>B1</escrito></conocimiento>
			</conocimientos>
		</alumno>
	</alumnos>
</Aula>

